date,amount,category
2023-01-01,₦800.38,coffee
2023-01-02,₦1900.35,Groceries 
2023-01-03,₦3700.70,dining
2023-01-03,₦800.70,Coffee
2023-01-03,₦2600.15,transport 
2023-01-03,₦400.35,Coffee
2023-01-04,₦6700.33,groceries
2023-01-04,₦2500.74,Dining 
2023-01-04,₦5000.36,Health 
2023-01-05,₦5900.71,groceries
2023-01-05,₦5700.48,Groceries
2023-01-05,₦3000.68,dining 
2023-01-05,₦800.04,coffee 
2023-01-06,₦2900.52,Groceries
2023-01-06,₦800.13,coffee
2023-01-06,₦5500.72,utilities 
2023-01-06,₦400.84,coffee 
2023-01-07,₦700.05,Coffee
2023-01-07,₦6200.94,Groceries 
2023-01-07,₦5400.36, groceries
2023-01-07,₦3200.25,Dining 
2023-01-07,₦400.90,Coffee
2023-01-08,₦2800.95,Groceries 
2023-01-09,₦1200.99,Transport 
2023-01-09,₦2200.40,Transport 
2023-01-09,₦500.63,coffee 
2023-01-10,₦4300.79, groceries
2023-01-10,₦400.20,coffee
2023-01-10,₦600.86,coffee 
2023-01-11,₦1700.43,transport 
2023-01-11,₦700.64,Coffee 
2023-01-11,,Groceries
2023-01-11,₦4600.77,Dining
2023-01-12,₦2000.33,Transport
2023-01-12,₦2100.99,Transport
2023-01-12,₦600.30,coffee 
2023-01-12,₦200.88,coffee 
2023-01-13,₦8000.99,shopping 
2023-01-14,₦900.75,coffee 
2023-01-14,₦2100.19,dining
2023-01-14,₦400.12,coffee 
2023-01-14,₦200.18,coffee
2023-01-15,₦1000.65,transport
2023-01-15,₦8600.80,utilities 
2023-01-15,₦600.55,Coffee 
2023-01-15,₦1300.85,Transport 
2023-01-16,₦700.05,Coffee
2023-01-17,₦700.39,Coffee 
2023-01-17,₦1000.24,Transport
2023-01-17,₦4900.41,shopping 
2023-01-18,₦1400.00,Transport
2023-01-18,₦700.28,coffee
2023-01-19,₦1300.78,Coffee
2023-01-20,₦300.00,transport 
2023-01-20,₦400.47,Coffee 
2023-01-20,₦600.15,Coffee 
2023-01-21,₦5800.65,Shopping 
2023-01-21,₦300.00,Transport 
2023-01-22,₦700.20,Coffee 
2023-01-22,₦5500.69,Dining 
2023-01-22,₦1700.60,Shopping
2023-01-22,₦3500.16,Transport
2023-01-23,₦2100.75,dining
2023-01-23,₦8000.40,shopping 
2023-01-24,₦400.86,Coffee
2023-01-24,₦2100.04,Groceries
2023-01-24,₦6000.18,Health
2023-01-25,₦6000.25,Shopping
2023-01-25,₦700.05,Coffee 
2023-01-25,₦2500.96,transport 
2023-01-25,₦4100.30,Dining
2023-01-26,₦1000.63,coffee
2023-01-27,₦3900.57, groceries
2023-01-28,₦1000.01,coffee 
2023-01-28,₦3000.90,dining 
2023-01-29,₦5500.43,Groceries 
2023-01-29,₦600.73,Coffee
2023-01-29,₦4600.93,Groceries 
2023-01-30,₦800.10,Transport 
2023-01-30,₦5400.49,Dining
2023-01-30,₦3700.35,Groceries 
2023-01-30,₦900.01,Coffee 
2023-01-30,₦5800.82,shopping 
2023-01-31,₦5300.33, groceries
2023-01-31,₦600.24,Transport 
2023-01-31,₦1200.79,Coffee
2023-01-31,₦800.32,Transport 
2023-01-31,₦500.02,coffee
2023-02-01,₦3100.96,Groceries
2023-02-01,₦800.00,dining 
2023-02-01,₦1100.24,Transport 
2023-02-01,₦900.31,Coffee
2023-02-01,₦4800.32,utilities 
2023-02-02,₦300.76,Coffee
2023-02-02,₦9000.29,dining
2023-02-02,₦1900.07,Transport
2023-02-03,,coffee
2023-02-04,₦3900.72, groceries
2023-02-04,₦1700.75,Groceries 
2023-02-04,₦5300.11,Groceries
2023-02-04,₦5800.37,Groceries 
2023-02-04,₦700.38,Coffee 
2023-02-05,₦400.70,Coffee 
2023-02-05,₦10900.91,Groceries
2023-02-05,₦1000.43,coffee
2023-02-05,₦2300.53,groceries
2023-02-05,₦9100.57,utilities 
2023-02-06,₦6800.40, groceries
2023-02-06,₦4000.85,Health 
2023-02-06,₦3800.94,Dining 
2023-02-06,₦4200.46, groceries
2023-02-06,₦2900.24,transport 
2023-02-07,₦600.94,Coffee
2023-02-07,₦900.35,groceries
2023-02-07,₦1000.82,coffee 
2023-02-08,₦500.68,coffee 
2023-02-08,₦1200.99,transport
2023-02-09,₦13400.29,Shopping 
2023-02-09,₦700.60,coffee
2023-02-09,₦2300.45,transport 
2023-02-09,₦1600.60,Transport
2023-02-10,₦1600.79,Dining 
2023-02-10,₦8600.76,Utilities 
2023-02-11,₦8800.05,Groceries 
2023-02-11,₦1300.42,Groceries 
2023-02-11,₦4400.27,Shopping
2023-02-11,₦2100.74,transport 
2023-02-11,,Shopping 
2023-02-12,₦5400.86,Groceries 
2023-02-12,₦2100.48,transport
2023-02-12,₦1600.65,transport
2023-02-12,₦6700.09,Dining
2023-02-13,₦8800.64,Shopping 
2023-02-13,₦5600.10,Groceries
2023-02-13,₦500.07,Coffee
2023-02-14,₦700.08,coffee
2023-02-14,₦400.34,coffee
2023-02-14,₦600.12,coffee
2023-02-14,₦2200.66,Shopping
2023-02-15,₦2400.62,dining 
2023-02-15,₦7300.09,shopping 
2023-02-15,₦900.82,coffee 
2023-02-15,₦5300.15,dining 
2023-02-16,₦7900.87,Utilities
2023-02-17,₦1100.88,Transport 
2023-02-18,₦200.49,coffee 
2023-02-19,₦400.51,Coffee
2023-02-19,₦7600.05,Shopping
2023-02-20,₦5600.63,Health
2023-02-20,₦700.65,Coffee
2023-02-20,₦3500.13,Health
2023-02-21,₦5300.04,Groceries 
2023-02-22,₦600.05,Coffee
2023-02-22,₦5200.77,Dining
2023-02-22,₦1300.61,transport 
2023-02-22,₦6600.25, groceries
2023-02-22,₦1100.32,Dining 
2023-02-23,₦6400.49, groceries
2023-02-23,₦7200.91,Shopping 
2023-02-24,₦8300.27,Utilities
2023-02-24,₦2800.18,Transport
2023-02-24,₦800.46,transport
2023-02-24,₦2200.01,Dining
2023-02-25,₦6800.97,dining 
2023-02-26,₦2500.11,Groceries 
2023-02-26,₦4500.12,groceries
2023-02-26,₦3400.69,Groceries 
2023-02-26,₦2400.47,Groceries 
2023-02-27,₦3400.59,dining
2023-02-27,₦7700.05,Groceries 
2023-02-27,₦200.81,Coffee 
2023-02-28,₦2600.03,Transport
2023-02-28,₦1900.14,Transport
2023-02-28,₦1100.69,coffee
2023-02-28,₦900.19,Coffee
2023-03-01,₦1500.77,transport
2023-03-01,₦400.42,coffee
2023-03-01,₦500.94,Transport
2023-03-01,₦4100.55,groceries
2023-03-02,₦400.09,coffee 
2023-03-02,₦3200.88,Dining 
2023-03-02,₦2100.57,Transport
2023-03-03,₦500.72,Transport 
2023-03-03,₦700.06,Coffee 
2023-03-03,₦3900.65,Dining
2023-03-03,₦1400.47,transport 
2023-03-04,₦400.37,coffee
2023-03-04,₦800.03,Coffee
2023-03-05,₦9400.16,Utilities
2023-03-06,₦500.73,Coffee 
2023-03-06,₦3100.96,dining 
2023-03-07,₦11900.10,Utilities 
2023-03-07,₦3200.17,Groceries 
2023-03-07,,Coffee
2023-03-08,₦2700.93,dining
2023-03-09,₦3200.65,Dining 
2023-03-09,₦1500.23,Transport 
2023-03-09,₦2200.01,Transport
2023-03-09,₦6700.75, groceries
2023-03-10,₦800.01,transport 
2023-03-10,₦7800.88, groceries
2023-03-10,₦1000.14,coffee
2023-03-10,₦1000.41,coffee
2023-03-10,₦2700.30,Groceries
2023-03-11,₦1300.55,Groceries
2023-03-11,₦900.37,coffee 
2023-03-11,₦400.53,coffee 
2023-03-11,₦9100.19,Utilities
2023-03-11,₦1300.72,transport 
2023-03-12,₦2500.81,Groceries 
2023-03-12,₦700.46,Coffee 
2023-03-12,₦700.24,Coffee 
2023-03-12,₦1300.24,transport 
2023-03-13,₦5300.89,utilities 
2023-03-13,₦500.22,Coffee 
2023-03-14,₦700.34,Coffee 
2023-03-15,₦6700.80,groceries
2023-03-15,₦3300.64,Groceries
2023-03-15,₦600.97,Coffee
2023-03-15,₦5300.76,Groceries 
2023-03-16,₦300.00,Transport 
2023-03-17,₦500.87,Coffee 
2023-03-17,₦1000.00,Shopping
2023-03-17,₦1800.70,dining
2023-03-17,₦9100.94, groceries
2023-03-17,₦1800.12,transport
2023-03-18,₦6200.47,Health 
2023-03-18,,dining 
2023-03-18,₦2800.63,Dining
2023-03-19,,coffee
2023-03-19,₦500.06,Coffee 
2023-03-19,₦1000.27,Transport
2023-03-19,₦9500.52,Shopping
2023-03-19,₦700.85,Coffee
2023-03-20,₦300.19,Transport
2023-03-20,,Dining 
2023-03-21,₦4200.35,dining
2023-03-21,₦1200.03,Transport
2023-03-21,₦5300.92,groceries
2023-03-21,₦3600.26,Groceries 
2023-03-22,₦600.63,transport 
2023-03-22,₦12500.27,Utilities 
2023-03-22,₦200.00,coffee
2023-03-22,₦500.78,Coffee 
2023-03-23,₦6000.75,Groceries 
2023-03-23,₦5000.59,dining 
2023-03-23,₦6000.16,Health 
2023-03-23,₦6100.54,groceries
2023-03-23,₦1600.88,Health 
2023-03-24,₦500.52,Coffee
2023-03-24,₦8400.69,groceries
2023-03-24,₦6000.92,Groceries 
2023-03-25,₦600.94,coffee
2023-03-26,₦200.27,coffee
2023-03-26,₦1200.92,transport 
2023-03-27,₦200.46,coffee
2023-03-27,₦4400.09,Shopping 
2023-03-28,₦1800.45,Transport
2023-03-28,₦800.59,coffee 
2023-03-28,₦10000.42,Groceries
2023-03-28,₦3500.00,Dining 
2023-03-29,₦900.63,coffee 
2023-03-29,₦1200.08,transport
2023-03-29,₦2900.49,Transport
2023-03-29,₦1200.18,transport 
2023-03-30,₦800.88,coffee
2023-03-30,₦3000.79, groceries
2023-03-30,₦400.09,coffee
2023-03-31,₦2600.02,Transport
2023-03-31,₦4600.75,Groceries
2023-03-31,₦2600.53,groceries
2023-04-01,₦500.95,Coffee
2023-04-01,₦6300.44,groceries
2023-04-02,₦4300.36, groceries
2023-04-02,₦200.59,coffee 
2023-04-02,₦1900.60,dining 
2023-04-03,₦200.00,coffee 
2023-04-03,₦400.19,coffee 
2023-04-03,₦800.42,Coffee
2023-04-04,₦700.62,Coffee
2023-04-04,₦6000.07,groceries
2023-04-04,₦7100.32,Shopping
2023-04-05,₦1200.36,Groceries
2023-04-05,₦2500.02,Transport
2023-04-05,₦300.00,Transport 
2023-04-05,₦6800.48,Groceries 
2023-04-05,₦3900.82,Groceries 
2023-04-06,₦500.75,coffee
2023-04-06,₦1100.62,coffee
2023-04-06,₦400.20,coffee
2023-04-06,₦800.10,Coffee
2023-04-06,₦6100.98,Groceries 
2023-04-07,₦5500.50,groceries
2023-04-07,,Coffee 
2023-04-07,₦6800.27,Dining
2023-04-07,₦6200.47,Dining
2023-04-08,₦1600.11,transport 
2023-04-08,₦1900.57,Transport
2023-04-08,₦400.28,transport
2023-04-08,₦8700.55,Groceries
2023-04-08,₦1600.10,Transport 
2023-04-09,₦300.79,Coffee 
2023-04-09,₦400.63,coffee 
2023-04-09,₦700.48,Coffee 
2023-04-09,₦8100.93,Utilities
2023-04-09,₦900.06,Coffee 
2023-04-10,₦600.25,transport
2023-04-10,₦700.45,Coffee 
2023-04-10,₦1400.81,Transport 
2023-04-10,₦4500.43,Health 
2023-04-10,₦3500.29,Groceries 
2023-04-11,₦400.93,Coffee 
2023-04-11,₦700.11,coffee 
2023-04-12,₦4500.75,Shopping
2023-04-12,₦2200.43,groceries
2023-04-12,₦3800.52,dining 
2023-04-13,₦2600.93,transport
2023-04-13,₦4500.13,dining
2023-04-13,₦3900.64,Groceries 
2023-04-13,₦6200.64,utilities 
2023-04-14,₦8800.42,groceries
2023-04-15,₦5600.07,Health 
2023-04-16,₦700.41,coffee 
2023-04-16,₦2300.66,transport
2023-04-16,₦1200.74,transport
2023-04-16,₦800.77,coffee 
2023-04-17,₦600.53,coffee 
2023-04-17,₦300.00,Transport
2023-04-18,₦200.89,coffee
2023-04-19,₦900.76,transport
2023-04-19,₦3900.05,Groceries
2023-04-19,₦600.38,Coffee
2023-04-20,₦800.31,Coffee
2023-04-21,₦200.00,Coffee
2023-04-21,₦600.24,coffee 
2023-04-21,₦2400.53,transport 
2023-04-21,₦1900.84,health 
2023-04-22,₦7500.39,Groceries
2023-04-23,₦1000.51,Groceries 
2023-04-23,₦1200.32,Transport 
2023-04-23,₦500.72,Coffee
2023-04-24,₦800.24,Transport 
2023-04-24,₦700.47,coffee 
2023-04-24,₦3500.35,Dining
2023-04-24,₦14700.41,Shopping
2023-04-24,₦1300.92,shopping 
2023-04-25,₦6600.21,utilities 
2023-04-25,₦400.94,coffee 
2023-04-26,₦12000.91,Utilities 
2023-04-26,₦2800.27,transport
2023-04-26,₦2800.93,Groceries
2023-04-26,₦4400.34, groceries
2023-04-26,₦600.08,coffee 
2023-04-27,₦600.69,coffee 
2023-04-27,₦11100.61,Shopping
2023-04-27,₦7700.38,shopping 
2023-04-28,, groceries
2023-04-28,₦5200.66,Groceries
2023-04-28,₦700.73,Coffee
2023-04-29,₦500.61,Coffee 
2023-04-29,₦6600.49,Health
2023-04-29,₦800.00,dining
2023-04-30,₦1800.50,shopping 
2023-05-01,₦500.29,Coffee 
2023-05-02,₦4500.34,dining
2023-05-02,₦2400.91,Shopping
2023-05-02,₦1500.68,Transport 
2023-05-02,₦400.64,coffee
2023-05-03,₦4100.78,groceries
2023-05-03,₦1800.01,Transport
2023-05-04,₦300.90,Coffee 
2023-05-04,₦300.25,transport
2023-05-04,₦700.66,Coffee 
2023-05-04,₦6400.18,groceries
2023-05-04,₦10000.80,Utilities 
2023-05-05,₦5200.90,Shopping 
2023-05-05,₦1000.20,Coffee 
2023-05-05,₦900.79,coffee 
2023-05-06,₦2200.90,Transport 
2023-05-06,₦9700.95,shopping 
2023-05-06,₦900.44,Transport 
2023-05-07,₦600.51,coffee
2023-05-07,₦1200.63,Transport
2023-05-07,₦1900.41,transport 
2023-05-08,₦3600.98, groceries
2023-05-08,₦300.95,coffee
2023-05-09,₦500.66,Coffee
2023-05-10,₦1800.84,transport
2023-05-10,₦6100.55,Groceries 
2023-05-11,₦1000.00,Shopping 
2023-05-11,₦2500.41,transport
2023-05-11,₦6100.08,health 
2023-05-11,₦3600.39,Groceries 
2023-05-12,₦1000.98,transport 
2023-05-12,₦9200.10,Shopping
2023-05-12,₦2200.29,transport
2023-05-12,₦900.14,transport 
2023-05-13,₦8600.70,Shopping
2023-05-13,₦1700.75,Health 
2023-05-14,₦8200.01,dining
2023-05-14,₦1000.18,Coffee 
2023-05-14,₦600.80,Coffee 
2023-05-14,₦1400.62,transport
2023-05-14,₦5800.38,Dining
2023-05-15,₦2400.42,Groceries
2023-05-15,,Dining
2023-05-15,₦1700.94,Dining
2023-05-16,₦2700.61,health 
2023-05-17,₦1300.52,Coffee
2023-05-17,₦12200.41,shopping 
2023-05-17,₦5700.52,Groceries
2023-05-17,₦600.78,Coffee
2023-05-17,₦1400.04,Groceries 
2023-05-18,₦500.01,Coffee
2023-05-18,₦2300.15,transport 
2023-05-18,₦9100.79,health 
2023-05-19,,Dining
2023-05-20,₦800.04,coffee 
2023-05-20,₦5900.43, groceries
2023-05-21,₦1300.60,dining
2023-05-21,₦800.60,coffee
2023-05-22,₦1700.26,Dining 
2023-05-22,₦6900.08,shopping 
2023-05-23,₦4000.05,groceries
2023-05-23,₦5700.91,Groceries 
2023-05-23,₦3100.50, groceries
2023-05-23,, groceries
2023-05-23,₦8200.54,Utilities
2023-05-24,₦6200.64,utilities 
2023-05-25,₦6200.87,dining 
2023-05-25,₦3900.11,dining 
2023-05-25,₦3600.40,Dining 
2023-05-26,₦200.00,coffee 
2023-05-26,₦4800.32,Groceries
2023-05-26,₦5800.41,groceries
2023-05-26,₦7000.66,Groceries
2023-05-27,₦6300.18,health 
2023-05-28,₦600.78,Coffee 
2023-05-28,₦300.00,transport 
2023-05-28,₦2100.88,groceries
2023-05-28,₦200.73,Coffee 
2023-05-28,₦800.25,transport
2023-05-29,₦3000.59,Dining 
2023-05-29,₦300.00,Transport
2023-05-29,,coffee 
2023-05-29,₦6500.95,Utilities 
2023-05-29,₦700.42,Coffee
2023-05-30,₦800.64,Coffee 
2023-05-30,₦4700.77,Groceries 
2023-05-30,₦4100.04, groceries
2023-05-31,₦4400.90,Groceries
2023-05-31,₦500.86,coffee 
2023-05-31,₦9000.54,groceries
2023-05-31,₦2700.62,Groceries 
2023-06-01,₦1800.90,Groceries
2023-06-02,₦4500.75,groceries
2023-06-03,₦400.72,coffee
2023-06-03,₦9800.20,groceries
2023-06-03,₦1100.60,transport
2023-06-03,,Rent 
2023-06-04,₦800.17,groceries
2023-06-05,₦7700.15, groceries
2023-06-05,₦4500.40,dining
2023-06-05,₦2700.97,Health
2023-06-05,₦500.06,coffee 
2023-06-06,₦2800.11,Dining 
2023-06-07,₦600.72,coffee
2023-06-07,₦400.52,coffee 
2023-06-07,₦800.05,Coffee
2023-06-07,₦7600.09,Groceries
2023-06-07,₦500.17,Coffee 
2023-06-08,₦1200.29,transport
2023-06-08,₦5800.14,Shopping 
2023-06-08,₦1000.29,coffee 
2023-06-09,₦900.47,transport
2023-06-09,₦800.44,Coffee
2023-06-10,₦3700.39,Groceries 
2023-06-10,₦800.49,Coffee 
2023-06-11,₦3500.92,Dining 
2023-06-11,₦10100.55,Utilities
2023-06-11,₦2900.83,Transport 
2023-06-11,₦5000.00,Shopping
2023-06-12,₦1600.21,Transport 
2023-06-12,₦1900.27,Transport
2023-06-12,₦7400.26,Groceries
2023-06-12,₦800.49,coffee
2023-06-12,₦5300.51, groceries
2023-06-13,₦2300.42,transport
2023-06-13,₦500.40,coffee 
2023-06-14,₦700.14,Coffee
2023-06-14,₦3800.54,Shopping 
2023-06-14,₦2600.76, groceries
2023-06-14,₦200.00,coffee
2023-06-15,₦500.87,coffee
2023-06-15,₦2500.11,Health 
2023-06-16,₦500.63,Coffee
2023-06-16,₦2500.85,Dining
2023-06-16,₦700.91,Coffee 
2023-06-17,₦5600.27,Groceries 
2023-06-17,₦900.16,transport
2023-06-17,₦1500.80,transport 
2023-06-17,₦6900.28,Groceries 
2023-06-17,₦300.00,transport
2023-06-18,₦600.68,Groceries
2023-06-19,₦7500.80,Shopping
2023-06-20,₦6900.06,health 
2023-06-20,₦500.97,coffee 
2023-06-20,₦700.60,coffee 
2023-06-20,₦600.71,transport
2023-06-20,₦3100.89, groceries
2023-06-21,₦5400.88,Shopping
2023-06-21,₦1300.32,Shopping 
2023-06-21,₦9000.09,Groceries
2023-06-22,₦1100.44,Transport
2023-06-22,₦1300.71,transport 
2023-06-22,₦900.87,groceries
2023-06-22,₦500.55,Coffee 
2023-06-22,₦11800.15,Shopping
2023-06-23,₦1000.73,dining
2023-06-23,₦6700.15,health 
2023-06-23,₦5600.02, groceries
2023-06-23,₦1700.60,transport 
2023-06-24,₦9100.78,Health 
2023-06-24,₦600.09,coffee 
2023-06-24,₦600.74,Coffee
2023-06-24,₦5500.40,Groceries
2023-06-24,₦400.82,coffee
2023-06-25,₦5800.17, groceries
2023-06-25,₦7300.08,Health
2023-06-25,₦2100.18,transport 
2023-06-25,₦500.69,coffee
2023-06-26,₦3500.23,Groceries
2023-06-26,₦1800.30,transport
2023-06-27,₦2000.62,Transport 
2023-06-27,₦300.00,transport 
2023-06-27,₦11900.72,Shopping
2023-06-28,₦800.99,Coffee 
2023-06-29,₦500.96,Coffee
2023-06-29,₦7800.83,Groceries 
2023-06-29,₦700.80,Transport
2023-06-29,₦800.14,coffee 
2023-06-29,₦4200.04, groceries
2023-06-30,₦1200.02,Groceries 
2023-07-01,₦1200.04,transport
2023-07-01,₦900.30,coffee
2023-07-01,,Coffee 
2023-07-02,₦600.14,Coffee 
2023-07-02,₦10000.49,Health
2023-07-02,₦4100.27,Shopping 
2023-07-03,₦8200.37,Utilities 
2023-07-04,₦600.21,Coffee
2023-07-04,₦3200.07,transport 
2023-07-04,₦2400.67,transport 
2023-07-04,₦700.65,coffee
2023-07-05,₦400.42,transport 
2023-07-05,₦200.93,Coffee 
2023-07-05,,Groceries 
2023-07-05,₦300.00,Transport
2023-07-06,₦1100.74,Coffee
2023-07-06,₦8500.53, groceries
2023-07-06,₦700.91,Coffee
2023-07-06,₦5200.00,dining
2023-07-06,₦6700.32, groceries
2023-07-07,₦5100.93,Groceries
2023-07-07,₦3400.30,groceries
2023-07-07,₦3100.63,dining 
2023-07-08,₦1700.30,Dining
2023-07-08,₦500.08,coffee
2023-07-08,₦900.81,Coffee
2023-07-09,₦700.75,Coffee 
2023-07-10,₦7300.96,Dining
2023-07-10,₦6000.06,groceries
2023-07-11,₦200.29,coffee 
2023-07-11,₦2500.13,dining 
2023-07-11,₦300.00,transport
2023-07-11,₦1000.00,health 
2023-07-12,₦4800.02,shopping 
2023-07-12,₦4400.25,groceries
2023-07-12,₦800.04,coffee 
2023-07-12,₦2400.83,transport
2023-07-12,₦13500.22,Utilities 
2023-07-13,₦800.00,dining
2023-07-13,₦1300.65,Transport
2023-07-14,₦600.24,coffee
2023-07-14,₦1000.00,shopping 
2023-07-15,₦700.49,Coffee 
2023-07-15,₦3200.06,Groceries 
2023-07-15,₦300.06,coffee
2023-07-15,₦900.44,Transport 
2023-07-15,₦3500.38,Dining
2023-07-16,₦3000.04, groceries
2023-07-16,₦2100.08,dining
2023-07-16,₦7100.48,Shopping
2023-07-16,₦200.53,Coffee 
2023-07-16,₦4400.15,dining 
2023-07-17,₦5300.44,utilities 
2023-07-17,₦7000.63,groceries
2023-07-17,₦7400.17, groceries
2023-07-18,₦2500.34,Dining 
2023-07-18,₦200.45,Coffee
2023-07-18,₦2600.33,groceries
2023-07-18,₦300.03,Coffee 
2023-07-18,₦900.43,transport 
2023-07-19,₦700.30,coffee
2023-07-20,₦300.83,coffee
2023-07-20,₦5800.39,dining 
2023-07-21,₦4100.13,groceries
2023-07-21,₦600.99,coffee 
2023-07-21,₦4900.65,shopping 
2023-07-22,₦600.39,coffee 
2023-07-22,₦8600.29,Shopping
2023-07-23,₦9300.10,Utilities
2023-07-23,₦6000.70, groceries
2023-07-23,₦5900.16,Dining 
2023-07-23,₦11000.28,Shopping
2023-07-23,₦700.44,coffee
2023-07-24,₦400.42,coffee
2023-07-24,₦3700.69,Dining
2023-07-24,₦1000.00,Shopping 
2023-07-24,,Coffee
2023-07-24,₦4700.05,Dining 
2023-07-25,₦800.12,Coffee 
2023-07-26,₦1400.93,Transport
2023-07-26,₦1400.39,transport 
2023-07-26,₦11500.92,Shopping 
2023-07-26,₦3100.06,dining 
2023-07-26,₦5600.55,Groceries 
2023-07-27,₦4000.32,dining
2023-07-27,₦2200.00,health 
2023-07-27,₦900.48,Coffee 
2023-07-28,₦600.50,Coffee
2023-07-28,₦400.75,Coffee 
2023-07-29,₦5900.05,Health 
2023-07-29,₦800.93,dining 
2023-07-30,₦900.47,Transport 
2023-07-30,₦1400.99, groceries
2023-07-31,,transport
2023-07-31,,Coffee
2023-07-31,₦4400.89,groceries
2023-07-31,₦1300.40, groceries
2023-08-01,₦4100.21,dining
2023-08-01,₦5700.02,groceries
2023-08-01,₦200.16,coffee
2023-08-02,₦4500.26,Shopping
2023-08-02,₦300.00,transport 
2023-08-02,₦500.37,Coffee 
2023-08-03,₦4400.39,Groceries 
2023-08-04,₦800.10,coffee
2023-08-04,₦2500.72,Groceries
2023-08-04,₦4300.86,Shopping 
2023-08-04,₦1800.56,Groceries
2023-08-04,₦3300.42,Groceries
2023-08-05,₦5000.15, groceries
2023-08-06,₦1600.66,transport 
2023-08-06,₦1500.18,transport
2023-08-06,₦300.02,Transport 
2023-08-07,₦300.08,coffee 
2023-08-07,₦2900.97, groceries
2023-08-07,₦8000.50,groceries
2023-08-08,₦800.18,coffee
2023-08-08,₦7000.58,Utilities 
2023-08-08,₦800.73,coffee
2023-08-08,₦1000.43,Transport
2023-08-09,₦2500.89,transport
2023-08-09,₦3600.41,Transport 
2023-08-10,₦2200.12,Groceries 
2023-08-11,₦600.49,Transport 
2023-08-11,₦600.14,coffee 
2023-08-11,₦400.21,Coffee
2023-08-11,₦2900.88,Dining
2023-08-12,₦1000.77,Coffee
2023-08-12,₦1100.13,shopping 
2023-08-12,₦500.91,transport 
2023-08-12,₦5000.10,Groceries 
2023-08-13,₦9200.51,shopping 
2023-08-13,₦900.27,Coffee 
2023-08-13,₦7000.34,groceries
2023-08-13,₦4700.83,Groceries 
2023-08-14,₦800.00,Dining 
2023-08-14,₦1400.67,Transport
2023-08-14,₦4700.28,shopping 
2023-08-15,₦500.74,coffee 
2023-08-15,₦800.00,dining 
2023-08-15,₦6400.98,Shopping
2023-08-15,,Utilities 
2023-08-16,₦600.48,Coffee
2023-08-16,₦500.34,coffee
2023-08-16,₦6900.52,Health 
2023-08-16,₦300.00,transport
2023-08-16,₦6200.18, groceries
2023-08-17,₦800.65,coffee
2023-08-17,₦2800.72,Health 
2023-08-17,₦3900.03,dining
2023-08-17,₦700.54,Coffee
2023-08-18,₦1700.98,transport
2023-08-18,₦2100.79,dining 
2023-08-18,₦600.53,coffee 
2023-08-19,₦5200.24,Utilities
2023-08-20,₦1700.87,Dining
2023-08-20,₦400.90,Coffee
2023-08-21,₦800.18,Coffee 
2023-08-21,₦3200.78, groceries
2023-08-22,₦9400.83,utilities 
2023-08-23,₦300.79,coffee 
2023-08-23,₦4300.22,Dining
2023-08-23,₦4300.40,Groceries 
2023-08-23,₦1800.12,transport 
2023-08-24,₦1000.45,Transport
2023-08-24,₦600.42,transport 
2023-08-24,₦1100.02,coffee 
2023-08-24,₦200.43,Coffee 
2023-08-24,₦500.36,Coffee
2023-08-25,₦700.17,Coffee
2023-08-25,₦1700.80,Transport 
2023-08-26,₦5600.44,dining
2023-08-26,₦300.00,transport
2023-08-26,₦3500.20,Groceries 
2023-08-26,₦500.38,coffee 
2023-08-26,₦7100.14,utilities 
2023-08-27,₦5900.80,Shopping
2023-08-27,₦6600.29,Shopping 
2023-08-28,₦6800.06,Health 
2023-08-28,₦7000.29,Health 
2023-08-28,₦11400.76,Utilities
2023-08-28,₦1000.46,Transport 
2023-08-28,₦1500.74,Groceries 
2023-08-29,₦800.00,Dining
2023-08-29,₦600.36,Coffee 
2023-08-29,₦2400.31,Shopping
2023-08-29,₦800.33,coffee 
2023-08-30,₦400.34,Coffee 
2023-08-30,₦8300.29,Groceries 
2023-08-31,₦6800.07,utilities 
2023-08-31,₦400.53,Transport
2023-08-31,₦300.00,transport
2023-08-31,₦800.34,Groceries 
2023-09-01,₦400.32,coffee 
2023-09-01,₦4200.42,dining 
2023-09-01,₦400.87,Coffee 
2023-09-01,₦10700.70,utilities 
2023-09-02,₦1000.73,transport 
2023-09-02,₦120000.00,Rent
2023-09-02,₦3100.84,Groceries
2023-09-02,₦5300.24,groceries
2023-09-02,₦800.49,Coffee
2023-09-03,₦600.76,Coffee 
2023-09-03,₦300.94,transport
2023-09-03,₦5200.78,Groceries 
2023-09-04,₦600.93,Coffee
2023-09-04,₦3800.56,dining
2023-09-04,₦1300.39,Transport 
2023-09-05,₦400.48,Coffee 
2023-09-05,₦5600.60, groceries
2023-09-05,₦6900.23, groceries
2023-09-05,₦4500.06,dining
2023-09-06,₦1100.22,transport 
2023-09-06,₦3300.35, groceries
2023-09-06,₦1800.27,transport 
2023-09-06,₦5200.17,health 
2023-09-07,₦10000.64,utilities 
2023-09-08,₦7400.76,health 
2023-09-09,₦8200.98,Groceries
2023-09-10,₦1000.06,transport
2023-09-10,₦700.69,Coffee 
2023-09-10,₦5800.90,health 
2023-09-10,₦400.00,Transport
2023-09-10,₦200.00,coffee 
2023-09-11,₦2700.77,transport
2023-09-11,₦6200.51,Groceries
2023-09-11,₦800.34,Coffee
2023-09-11,₦2400.97,Transport 
2023-09-11,₦800.81,Coffee 
2023-09-12,₦2400.26,dining 
2023-09-12,₦400.01,Coffee
2023-09-12,₦5000.25,Groceries 
2023-09-13,₦2100.06,groceries
2023-09-13,₦11000.86,Groceries 
2023-09-13,₦6000.83,Groceries 
2023-09-14,₦1000.58,transport 
2023-09-14,₦1100.95,dining 
2023-09-14,₦5600.35,groceries
2023-09-14,₦1400.44,transport
2023-09-14,₦5900.68,Groceries 
2023-09-15,₦1700.05,groceries
2023-09-15,₦500.85,coffee
2023-09-15,₦300.28,Coffee
2023-09-15,₦600.63,coffee
2023-09-16,₦700.52,Coffee 
2023-09-16,₦5100.49,Groceries
2023-09-17,₦6100.19,Shopping 
2023-09-17,₦1000.34,Transport
2023-09-17,₦4900.33,dining
2023-09-18,₦600.74,coffee
2023-09-18,₦5300.67,Dining
2023-09-18,₦8100.96, groceries
2023-09-19,₦3200.30, groceries
2023-09-19,₦4100.85,Groceries 
2023-09-19,₦600.57,transport 
2023-09-20,₦700.48,Coffee
2023-09-20,₦6800.05,groceries
2023-09-21,₦500.85,Coffee
2023-09-21,₦700.04,coffee
2023-09-22,₦600.61,coffee 
2023-09-22,₦600.67,coffee 
2023-09-22,₦9600.54,Groceries 
2023-09-22,₦1900.80,transport
2023-09-22,₦1200.34,coffee
2023-09-23,₦3300.05,Shopping 
2023-09-24,₦2300.62,Transport
2023-09-25,₦1500.15,transport 
2023-09-25,₦17300.16,shopping 
2023-09-26,₦2500.50,dining 
2023-09-26,₦3100.44,Dining 
2023-09-26,₦1500.43,Transport
2023-09-27,₦2400.34,groceries
2023-09-27,₦5500.32, groceries
2023-09-27,₦2200.10,transport
2023-09-27,₦2700.23,groceries
2023-09-28,₦900.75,coffee
2023-09-28,₦800.01,coffee
2023-09-28,₦1000.40,Groceries
2023-09-28,₦4000.35,Shopping
2023-09-29,₦500.75,coffee 
2023-09-29,₦6700.07,Shopping
2023-09-30,₦6100.27,Groceries 
2023-09-30,₦3500.09,Transport 
2023-09-30,₦2500.95,Groceries 
2023-10-01,₦120000.00,Rent 
2023-10-01,₦1100.53,coffee
2023-10-01,,Coffee 
2023-10-01,₦600.59,Coffee 
2023-10-01,₦4400.03,groceries
2023-10-02,₦400.47,Coffee 
2023-10-02,₦1400.41,Transport
2023-10-03,₦2500.73,transport
2023-10-03,₦8200.51,shopping 
2023-10-04,,Coffee
2023-10-04,₦9300.75,Health
2023-10-05,₦1600.13,Transport 
2023-10-06,₦1000.16,transport 
2023-10-06,₦900.08,transport 
2023-10-06,₦2300.71,Dining 
2023-10-06,₦5100.32, groceries
2023-10-07,₦9100.93,Utilities
2023-10-07,₦300.81,coffee
2023-10-07,₦2100.38,dining 
2023-10-07,₦4700.14,Groceries 
2023-10-08,₦4100.29,Groceries
2023-10-08,₦1200.91,dining
2023-10-08,₦700.73,Coffee 
2023-10-08,₦2400.60,Dining
2023-10-09,₦1900.34,Dining
2023-10-09,₦5000.15,Dining
2023-10-09,₦300.54,coffee 
2023-10-09,₦1800.22,transport
2023-10-09,₦1000.00,shopping 
2023-10-10,₦600.01,Coffee
2023-10-10,₦800.47,coffee 
2023-10-10,₦800.00,Dining
2023-10-10,₦8100.65,Shopping 
2023-10-10,,Coffee
2023-10-11,₦1600.66,Health
2023-10-11,₦3500.98,groceries
2023-10-12,₦1600.12,transport
2023-10-12,₦5800.09, groceries
2023-10-12,₦2200.28,transport 
2023-10-13,₦300.00,transport
2023-10-13,₦7400.46,Groceries
2023-10-14,₦5400.70,dining 
2023-10-14,₦6600.25,Utilities
2023-10-14,₦3700.22,Groceries
2023-10-14,₦3000.00,utilities 
2023-10-14,₦500.27,Coffee 
2023-10-15,₦2700.62,transport
2023-10-15,₦6600.18, groceries
2023-10-15,₦600.64,Coffee
2023-10-15,₦1900.30,transport 
2023-10-15,₦1200.09,coffee 
2023-10-16,₦900.64,Coffee 
2023-10-16,₦600.53,coffee
2023-10-17,₦500.00,Groceries
2023-10-17,₦6900.99,Groceries 
2023-10-18,₦700.15,coffee
2023-10-18,₦3700.19,groceries
2023-10-18,₦8000.04,Health 
2023-10-18,₦5300.19,dining
2023-10-18,₦800.00,Dining 
2023-10-19,₦700.27,Transport
2023-10-19,₦400.77,Coffee 
2023-10-19,₦2100.86,Transport
2023-10-20,₦4100.56,dining
2023-10-20,₦800.00,Dining 
2023-10-21,₦900.52,Coffee 
2023-10-21,₦700.02,transport 
2023-10-21,₦700.70,coffee
2023-10-22,₦7200.63, groceries
2023-10-22,₦6500.36,Groceries 
2023-10-22,₦4200.75, groceries
2023-10-23,₦4000.20, groceries
2023-10-23,₦3200.62,Groceries 
2023-10-23,₦1500.22,Transport
2023-10-23,₦1000.41,dining
2023-10-24,₦1000.47,transport
2023-10-24,₦2200.02,transport
2023-10-24,₦800.00,dining 
2023-10-25,₦5400.79,Groceries
2023-10-25,₦300.60,Coffee
2023-10-25,₦400.89,Coffee
2023-10-26,,Transport 
2023-10-26,₦900.72,transport 
2023-10-26,₦800.21,Transport 
2023-10-26,₦5400.40, groceries
2023-10-27,₦400.25,Coffee 
2023-10-27,₦300.00,Transport
2023-10-27,₦11800.92,Utilities 
2023-10-28,₦800.04,Coffee 
2023-10-28,₦3800.47,utilities 
2023-10-28,₦500.41,Coffee 
2023-10-28,₦7200.94,Groceries
2023-10-28,₦6400.33,shopping 
2023-10-29,₦7000.61,Groceries
2023-10-29,₦3900.84,dining
2023-10-29,₦2000.30,dining
2023-10-29,₦800.99,coffee
2023-10-29,₦2100.14,transport 
2023-10-30,₦6600.03,Groceries 
2023-10-30,₦3700.92,groceries
2023-10-30,₦9700.76,Shopping 
2023-10-31,₦5900.90,Groceries 
2023-10-31,₦1600.81,transport 
2023-11-01,₦200.00,coffee 
2023-11-01,₦2000.29,groceries
2023-11-01,₦2100.84, groceries
2023-11-01,₦900.03,transport
2023-11-01,₦2100.96,Transport
2023-11-02,₦4700.67,shopping 
2023-11-02,₦8800.37,Shopping 
2023-11-02,₦300.00,transport 
2023-11-02,₦2200.86,Transport 
2023-11-03,₦2900.75,Shopping
2023-11-04,₦600.25,coffee
2023-11-04,₦2300.63,Transport 
2023-11-04,₦600.49,Coffee
2023-11-04,₦6400.85, groceries
2023-11-05,₦3500.90,transport
2023-11-05,₦300.00,transport
2023-11-05,₦2000.98,transport
2023-11-05,₦900.02,coffee
2023-11-05,₦2400.27,Transport
2023-11-06,₦2400.15,Transport 
2023-11-07,₦8500.55,groceries
2023-11-07,₦2300.24,transport
2023-11-08,₦1600.10,transport
2023-11-09,₦300.00,transport
2023-11-09,₦7900.66,Utilities 
2023-11-09,₦13200.33,Utilities 
2023-11-09,₦3900.83,Groceries
2023-11-09,₦500.15,Coffee
2023-11-10,₦700.11,Coffee 
2023-11-10,₦2500.41,transport 
2023-11-10,₦1000.00,shopping 
2023-11-11,₦8400.21,shopping 
2023-11-11,₦2300.09,transport
2023-11-11,₦2900.23,Dining
2023-11-12,₦300.00,transport 
2023-11-13,₦600.23,coffee
2023-11-13,₦700.47,coffee
2023-11-13,₦200.00,coffee 
2023-11-13,₦12200.25,Utilities
2023-11-14,₦2700.95,transport
2023-11-14,₦2700.34,Shopping
2023-11-14,₦700.60,coffee 
2023-11-14,₦1200.18,coffee 
2023-11-14,₦8000.42, groceries
2023-11-15,₦1900.43,Transport
2023-11-15,₦900.67,coffee 
2023-11-15,₦6000.22,Utilities 
2023-11-15,₦4400.12,Dining 
2023-11-15,₦10900.86,Utilities 
2023-11-16,₦4300.57,Dining
2023-11-16,₦13800.97,utilities 
2023-11-16,₦800.28,coffee 
2023-11-16,₦900.59,Coffee 
2023-11-16,,Coffee 
2023-11-17,₦1000.03,Coffee 
2023-11-18,₦900.45,Coffee
2023-11-18,₦3400.46,dining 
2023-11-19,₦300.00,Transport
2023-11-19,₦1000.57,transport
2023-11-19,₦400.80,coffee 
2023-11-19,₦2400.37,transport 
2023-11-20,₦2500.68,Dining 
2023-11-20,₦9000.29,Utilities 
2023-11-20,₦1400.60,transport 
2023-11-20,₦400.46,Coffee 
2023-11-20,₦600.73,Coffee
2023-11-21,₦600.51,Coffee
2023-11-21,₦2200.19,transport 
2023-11-21,₦4300.29, groceries
2023-11-21,₦2100.30,Transport 
2023-11-21,₦400.08,Coffee 
2023-11-22,₦600.11,coffee 
2023-11-22,₦5400.41,Groceries
2023-11-22,₦2300.28,Health
2023-11-22,₦7600.30,Groceries
2023-11-23,₦1000.73,Transport
2023-11-23,₦2700.09,Groceries 
2023-11-23,,Dining 
2023-11-23,₦500.63,coffee 
2023-11-23,₦4000.14,Dining 
2023-11-24,₦6400.20,shopping 
2023-11-25,₦2800.92,transport
2023-11-25,₦700.71,coffee
2023-11-25,₦3000.09,Transport
2023-11-25,₦300.00,transport
2023-11-26,₦4300.12, groceries
2023-11-26,₦1100.26,dining 
2023-11-26,₦900.36, groceries
2023-11-26,₦200.00,Coffee
2023-11-26,₦5900.20,utilities 
2023-11-27,₦6300.18,Dining 
2023-11-27,₦1700.31,Transport 
2023-11-27,₦800.24,Transport 
2023-11-27,,Coffee
2023-11-27,₦7300.43,Shopping
2023-11-28,₦3000.00,Utilities
2023-11-28,₦3700.09,Dining
2023-11-28,₦4600.36,Groceries 
2023-11-28,₦1600.61,transport
2023-11-29,₦7000.87,groceries
2023-11-30,₦2700.61,Transport
2023-11-30,₦5100.95,Groceries
2023-11-30,₦700.86,Transport 
2023-11-30,₦1100.10,Coffee 
2023-12-01,₦1400.57,dining
2023-12-02,₦1500.77,transport 
2023-12-02,₦1300.88,transport
2023-12-02,₦9600.76,health 
2023-12-02,₦800.52,Transport
2023-12-02,₦900.05,Coffee 
2023-12-03,₦3700.66,Groceries
2023-12-03,₦120000.00,Rent
2023-12-03,₦3900.34,groceries
2023-12-03,₦900.20,Coffee 
2023-12-04,₦7800.26,shopping 
2023-12-04,₦2300.85,transport 
2023-12-05,₦3800.99,Health
2023-12-05,₦3200.73,groceries
2023-12-05,₦6900.55,dining
2023-12-05,₦800.92,coffee 
2023-12-05,₦1300.80,transport 
2023-12-06,₦1300.09,Coffee 
2023-12-06,₦4600.38,Dining
2023-12-06,₦1000.26,coffee
2023-12-06,₦2500.59,Transport
2023-12-07,₦3800.19,Dining
2023-12-07,₦500.06,coffee 
2023-12-07,₦600.23,coffee
2023-12-08,₦2500.90,transport 
2023-12-08,₦2700.69,dining
2023-12-09,₦2100.16,Transport 
2023-12-09,₦800.92,Coffee
2023-12-09,₦400.05,coffee 
2023-12-10,₦8500.97, groceries
2023-12-10,₦1700.73,groceries
2023-12-10,₦3900.98,Groceries
2023-12-10,₦1600.06,transport
2023-12-10,₦1500.83,groceries
2023-12-11,₦800.61,coffee 
2023-12-11,₦6200.87,Groceries
2023-12-11,₦4800.20,Groceries
2023-12-12,₦11200.73,health 
2023-12-13,₦2700.54,health 
2023-12-13,₦2600.09, groceries
2023-12-13,₦600.23,coffee 
2023-12-13,, groceries
2023-12-14,₦2500.86,transport
2023-12-14,₦6400.10,groceries
2023-12-14,₦2700.78,Dining 
2023-12-15,₦2400.78,Transport 
2023-12-15,₦7900.48,groceries
2023-12-15,₦2900.92, groceries
2023-12-16,₦5000.78, groceries
2023-12-16,₦700.99,Transport
2023-12-16,₦800.95,Transport 
2023-12-16,₦300.78,Coffee 
2023-12-17,₦8100.64,Groceries 
2023-12-17,₦300.00,transport 
2023-12-17,₦300.82,coffee
2023-12-18,₦500.00, groceries
2023-12-18,₦2300.04,Dining
2023-12-19,₦800.73,coffee 
2023-12-19,₦5800.53,Dining 
2023-12-19,₦5900.25, groceries
2023-12-19,₦3900.26, groceries
2023-12-20,₦700.55,Coffee 
2023-12-20,₦400.90,Coffee
2023-12-20,₦2600.08,dining
2023-12-21,₦1600.71,transport 
2023-12-22,₦500.10,Coffee
2023-12-22,₦3600.18,Groceries 
2023-12-22,₦1600.37,transport
2023-12-23,,Transport
2023-12-23,₦7100.98,Dining 
2023-12-23,₦5500.86,Groceries 
2023-12-23,₦8200.67,Groceries
2023-12-23,₦800.78,Coffee
2023-12-24,₦2000.00,Groceries 
2023-12-24,₦2500.83,Dining
2023-12-24,₦1800.49,transport
2023-12-24,₦500.72,Coffee
2023-12-24,₦9000.35,Health
2023-12-25,₦300.00,transport 
2023-12-25,₦6300.59,dining 
2023-12-25,₦3000.78,transport 
2023-12-25,₦4800.54,groceries
2023-12-26,₦1000.50,coffee
2023-12-26,₦800.32,coffee
2023-12-27,₦6400.61,groceries
2023-12-27,₦200.00,Coffee
2023-12-27,₦300.95,Coffee
2023-12-27,₦5200.06,groceries
2023-12-27,₦5300.27,utilities 
2023-12-28,₦2400.75,dining 
2023-12-28,₦1000.02,coffee 
2023-12-29,₦1500.71,Transport 
2023-12-30,₦1500.72,Transport
2023-12-30,₦6900.76,shopping 
2023-12-31,₦1300.80,Dining
2023-12-31,₦1000.51,transport
2023-12-31,₦600.28,coffee 
2024-01-01,₦1800.33,Transport 
2024-01-02,₦1000.06,Coffee
2024-01-02,₦5200.88,Groceries
2024-01-02,₦2100.77,Transport
2024-01-02,₦120000.00,Rent
2024-01-03,₦300.47,coffee 
2024-01-04,₦500.66,Coffee 
2024-01-05,₦7300.39,dining
2024-01-05,₦7800.37,utilities 
2024-01-05,₦2500.54,transport
2024-01-06,₦1200.40,coffee 
2024-01-06,₦1200.21,transport 
2024-01-06,₦500.08,coffee
2024-01-06,₦900.14,coffee
2024-01-07,₦500.00, groceries
2024-01-07,₦12500.05,Shopping 
2024-01-07,₦4400.25,Groceries
2024-01-07,₦500.14,coffee
2024-01-07,₦2900.50, groceries
2024-01-08,₦2100.15,transport 
2024-01-08,₦700.39,coffee 
2024-01-08,₦7000.56,Shopping
2024-01-08,₦400.41,Coffee 
2024-01-09,₦600.20,Coffee
2024-01-09,₦1700.81,Transport
2024-01-09,₦700.71,coffee
2024-01-09,₦1000.06,coffee 
2024-01-10,₦2800.12,Groceries
2024-01-11,₦500.76,Transport
2024-01-11,₦500.31,Coffee 
2024-01-12,₦7300.93,Groceries 
2024-01-13,₦8900.26,Utilities
2024-01-13,₦700.14,coffee
2024-01-13,₦9300.69,Groceries
2024-01-13,₦9000.19,Utilities
2024-01-14,₦6000.82,Dining 
2024-01-15,₦1000.04,Groceries
2024-01-15,₦900.12,coffee 
2024-01-16,₦700.07,coffee
2024-01-17,₦9400.57,Shopping 
2024-01-18,₦7100.16,Shopping
2024-01-18,₦1000.01,Transport 
2024-01-18,₦3000.75,Groceries 
2024-01-18,₦2700.96,Transport
2024-01-18,₦3400.12,Transport 
2024-01-19,₦1100.30,Transport
2024-01-19,₦600.32,coffee
2024-01-19,₦2200.83,transport 
2024-01-19,₦400.47,coffee 
2024-01-19,₦7400.74, groceries
2024-01-20,₦9200.18,utilities 
2024-01-20,₦4400.63,groceries
2024-01-20,₦400.76,Transport
2024-01-20,₦800.22,Coffee 
2024-01-21,₦6000.25,Groceries
2024-01-21,₦4500.43,dining
2024-01-21,₦2200.02,transport 
2024-01-22,₦3400.28,groceries
2024-01-22,₦2300.25,Groceries 
2024-01-22,₦4700.67,dining 
2024-01-22,₦1400.30,transport 
2024-01-22,₦500.93,Coffee 
2024-01-23,₦700.43,coffee 
2024-01-23,₦3500.95,dining 
2024-01-23,₦5300.95,Groceries 
2024-01-23,₦1900.77,transport
2024-01-23,₦400.56,Coffee 
2024-01-24,₦300.00,Transport
2024-01-24,₦4600.87,groceries
2024-01-25,₦800.19,Coffee 
2024-01-25,₦2900.96,Shopping
2024-01-25,₦2800.29,Shopping
2024-01-25,₦2200.20,Transport
2024-01-25,₦3800.71,dining 
2024-01-26,₦8000.89,health 
2024-01-26,₦700.45,coffee 
2024-01-26,₦1100.04,dining
2024-01-27,₦2200.21,Transport
2024-01-27,₦900.49,Transport
2024-01-28,₦200.94,coffee 
2024-01-29,₦1600.75,Dining
2024-01-29,₦7100.29,groceries
2024-01-29,₦2500.22,Transport 
2024-01-30,₦5800.94,Dining 
2024-01-30,₦2500.94,transport 
2024-01-30,₦2000.32,Transport
2024-01-31,₦3500.94,groceries
2024-02-01,₦2200.34,Transport 
2024-02-01,₦7000.37,groceries
2024-02-01,₦5900.75,dining 
2024-02-01,₦900.00,Coffee
2024-02-01,₦800.09,dining
2024-02-02,₦3400.98,groceries
2024-02-02,₦600.34,coffee
2024-02-02,₦4900.08,dining
2024-02-02,₦3800.12,groceries
2024-02-02,₦6700.13,Groceries 
2024-02-03,₦2500.88,transport 
2024-02-03,₦800.77,Coffee
2024-02-03,₦2900.24,Groceries 
2024-02-03,₦700.15,coffee
2024-02-03,₦2200.81,dining 
2024-02-04,₦8900.65,utilities 
2024-02-04,₦8300.88,utilities 
2024-02-04,,Shopping
